weibo_id,file,meta_total_retweets,meta_crawled_retweets,coverage,log_meta_crawled_retweets,root_log_followers,root_verified,root_verified_type,pub_hour,pub_weekday,pub_is_weekend,pub_is_night,n_obs,time_to_5h,time_to_10h,time_to_20h,interval_mean,interval_std,interval_min,interval_max,interval_burstiness,interval_q10,interval_q50,interval_q90,bin_inc_1,bin_cum_1,bin_inc_2,bin_cum_2,bin_inc_3,bin_cum_3,bin_inc_4,bin_cum_4,bin_inc_5,bin_cum_5,bin_inc_6,bin_cum_6,bin_inc_7,bin_cum_7,bin_inc_8,bin_cum_8,bin_inc_9,bin_cum_9,bin_inc_10,bin_cum_10,bin_inc_11,bin_cum_11,bin_inc_12,bin_cum_12,max_depth,mean_depth,depth_entropy,max_out_degree,top5_mean_out_degree,gini_out_degree,hhi_out_degree,max_log_followers,mean_log_followers,top5_mean_log_followers,time_of_max_follower_h,verified_ratio,verified_early10
5119077121263400,retweet_tree_5119077121263400.json,229.0,192.0,0.8384279475982532,5.262690188904886,15.44639073314953,1,7,12,5,1,0,62,0.10138888888888889,0.20277777777777778,0.42388888888888887,113.9672131147541,190.26090517963553,1.0,1406.0,0.2507779113009371,11.0,67.0,274.0,9,9,5,14,9,23,11,34,6,40,7,47,4,51,2,53,5,58,0,58,0,58,4,62,1,1.0,-1.000088900581841e-12,62.0,62.0,0.0,0.9999999999999676,0.0,0.0,0.0,0.03638888888888889,0.0,0.0
5201289862712867,retweet_tree_5201289862712867.json,254.0,217.0,0.8543307086614174,5.384495062789089,15.592789184049355,1,0,9,1,0,0,69,0.1688888888888889,0.29888888888888887,0.7261111111111112,102.01470588235294,91.21153381773647,0.0,360.0,-0.05590944626042669,11.4,77.0,227.00000000000006,4,4,6,10,4,14,4,18,5,23,6,29,7,36,11,47,8,55,5,60,7,67,2,69,1,1.0,-1.000088900581841e-12,69.0,69.0,0.0,0.9999999999999711,0.0,0.0,0.0,0.03777777777777778,0.0,0.0
5212892039221259,retweet_tree_5212892039221259.json,172.0,132.0,0.7674418604651163,4.890349128221754,13.415294151291777,1,0,10,5,1,0,46,0.1388888888888889,0.2477777777777778,0.37666666666666665,156.95555555555555,210.88658937980603,3.0,996.0,0.1466146132703946,8.4,85.0,285.80000000000007,5,5,11,16,10,26,6,32,3,35,2,37,1,38,2,40,0,40,2,42,2,44,2,46,1,1.0,-1.000088900581841e-12,46.0,46.0,0.0,0.9999999999999565,0.0,0.0,0.0,0.03111111111111111,0.0,0.0
5216167893143003,retweet_tree_5216167893143003.json,478.0,439.0,0.9184100418410042,6.0867747269123065,16.450728096436688,1,2,11,0,0,0,70,0.06111111111111111,0.11305555555555556,0.20805555555555555,98.3623188405797,123.05129966093885,0.0,585.0,0.11150615299749424,8.8,52.0,261.4,14,14,12,26,12,38,2,40,7,47,3,50,2,52,5,57,3,60,3,63,5,68,2,70,1,1.0,-1.000088900581841e-12,70.0,70.0,0.0,0.9999999999999716,0.0,0.0,0.0,0.017222222222222222,0.0,0.0
5224632426955193,retweet_tree_5224632426955193.json,467.0,307.0,0.6573875802997858,5.730099782973574,14.630156971668352,1,0,19,2,0,0,63,1.3,1.3366666666666667,1.4358333333333333,43.32258064516129,39.72761053098413,1.0,190.0,-0.04328671690294369,6.1000000000000005,30.5,104.0,0,0,0,0,0,0,0,0,0,0,0,0,0,0,9,9,13,22,11,33,16,49,14,63,1,1.0,-1.000088900581841e-12,63.0,63.0,0.0,0.9999999999999682,0.0,0.0,0.0,1.243611111111111,0.0,0.0
5224940699386851,retweet_tree_5224940699386851.json,448.0,424.0,0.9464285714285714,6.052089168924417,16.450728239843414,1,2,16,3,0,0,107,0.05333333333333334,0.07861111111111112,0.1338888888888889,65.69811320754717,79.22313482045277,0.0,565.0,0.09332669844447147,5.5,40.0,155.0,24,24,7,31,10,41,8,49,4,53,13,66,10,76,8,84,7,91,5,96,8,104,3,107,1,1.0,-1.000088900581841e-12,107.0,107.0,0.0,0.9999999999999813,0.0,0.0,0.0,0.005555555555555556,0.0,0.0
5229258725393618,retweet_tree_5229258725393618.json,158.0,125.0,0.7911392405063291,4.836281906951478,17.030971839910215,1,0,13,1,0,0,35,0.16722222222222222,0.3527777777777778,0.7427777777777778,200.47058823529412,249.13393932417836,2.0,899.0,0.10823590089947924,14.700000000000003,77.0,573.8,4,4,5,9,8,17,2,19,5,24,2,26,1,27,2,29,4,33,0,33,1,34,1,35,1,1.0,-1.000088900581841e-12,35.0,35.0,0.0,0.9999999999999427,0.0,0.0,0.0,0.03361111111111111,0.0,0.0
5230632260600082,retweet_tree_5230632260600082.json,204.0,161.0,0.7892156862745098,5.087596335232384,16.84418144972229,1,3,8,5,1,0,4,2.0,2.0,2.0,933.3333333333334,1042.420687097531,56.0,2398.0,0.05521302380567009,114.0,346.0,1987.6000000000001,3,3,0,3,0,3,0,3,1,4,0,4,0,4,0,4,0,4,0,4,0,4,0,4,1,1.0,-1.000088900581841e-12,4.0,4.0,0.0,0.9999999999995,0.0,0.0,0.0,0.042222222222222223,0.0,0.0
5233758462543531,retweet_tree_5233758462543531.json,314.0,280.0,0.89171974522293,5.638354669333745,14.164197180050776,1,0,23,6,1,1,117,0.02,0.024166666666666666,0.058333333333333334,48.5948275862069,103.08073321165809,0.0,845.0,0.35922666340468307,1.5,14.0,129.0,51,51,30,81,5,86,10,96,5,101,3,104,7,111,0,111,3,114,3,117,0,117,0,117,1,1.0,-1.000088900581841e-12,117.0,117.0,0.0,0.9999999999999829,0.0,0.0,0.0,0.014166666666666666,0.0,0.0
5234275353887461,retweet_tree_5234275353887461.json,258.0,228.0,0.8837209302325582,5.43372200355424,16.450728598360147,1,2,10,1,0,0,56,0.01972222222222222,0.06416666666666666,0.18638888888888888,82.56363636363636,130.97991013702878,0.0,713.0,0.22672787151280926,5.4,41.0,167.0,19,19,12,31,6,37,0,37,8,45,2,47,4,51,5,56,0,56,0,56,0,56,0,56,1,1.0,-1.000088900581841e-12,56.0,56.0,0.0,0.9999999999999643,0.0,0.0,0.0,0.013055555555555556,0.0,0.0
5235141640456344,retweet_tree_5235141640456344.json,356.0,328.0,0.9213483146067416,5.796057750765372,18.755710512144613,1,3,19,3,0,0,149,0.06527777777777778,0.12638888888888888,0.29083333333333333,48.00675675675676,75.704394586785,0.0,505.0,0.2238895809247852,0.0,17.0,134.3,12,12,37,49,11,60,15,75,10,85,2,87,7,94,37,131,8,139,4,143,4,147,2,149,1,1.0,-1.000088900581841e-12,149.0,149.0,0.0,0.9999999999999867,0.0,0.0,0.0,0.0077777777777777776,0.0,0.0
5235161983615195,retweet_tree_5235161983615195.json,241.0,221.0,0.91701244813278,5.402677381872279,18.7557099685037,1,3,20,3,0,0,123,0.030833333333333334,0.0375,0.10277777777777777,57.34426229508197,64.38330025965308,0.0,342.0,0.057826163745010484,2.0,35.0,129.0,26,26,17,43,12,55,7,62,7,69,5,74,6,80,7,87,9,96,11,107,10,117,6,123,1,1.0,-1.000088900581841e-12,123.0,123.0,0.0,0.9999999999999838,0.0,0.0,0.0,0.0022222222222222222,0.0,0.0
5235195626127881,retweet_tree_5235195626127881.json,391.0,333.0,0.8516624040920716,5.811140992976701,18.755692235633553,1,3,23,3,0,1,133,0.021111111111111112,0.03972222222222222,0.105,53.67424242424242,72.36863712671114,0.0,470.0,0.14831773733724798,4.0,27.0,126.00000000000006,28,28,17,45,13,58,9,67,14,81,19,100,5,105,10,115,7,122,4,126,4,130,3,133,1,1.0,-1.000088900581841e-12,133.0,133.0,0.0,0.9999999999999851,0.0,0.0,0.0,0.0175,0.0,0.0
5235849910290470,retweet_tree_5235849910290470.json,358.0,310.0,0.8659217877094972,5.739792912179234,16.921616216724583,1,7,18,5,1,0,134,0.025833333333333333,0.05694444444444444,0.10777777777777778,53.78195488721804,68.22203228731536,1.0,418.0,0.11835742203605193,5.200000000000001,31.0,108.6,27,27,12,39,10,49,9,58,7,65,8,73,12,85,6,91,14,105,18,123,8,131,3,134,1,1.0,-1.000088900581841e-12,134.0,134.0,0.0,0.9999999999999851,0.0,0.0,0.0,0.009444444444444445,0.0,0.0
5236476713111631,retweet_tree_5236476713111631.json,269.0,240.0,0.8921933085501859,5.484796933490655,16.252749438461983,1,7,12,0,0,0,86,0.027777777777777776,0.04138888888888889,0.09944444444444445,83.69411764705882,132.05186356610147,0.0,809.0,0.2241420472683775,3.8000000000000007,42.0,185.80000000000007,26,26,8,34,9,43,12,55,8,63,5,68,4,72,2,74,5,79,5,84,1,85,1,86,1,1.0,-1.000088900581841e-12,86.0,86.0,0.0,0.9999999999999769,0.0,0.0,0.0,0.01,0.0,0.0
5236559370781939,retweet_tree_5236559370781939.json,682.0,624.0,0.9149560117302052,6.437751649736401,15.510829241827672,1,7,17,0,0,0,349,0.01611111111111111,0.021666666666666667,0.03166666666666667,20.57183908045977,28.522586534092497,0.0,245.0,0.1619480695436839,1.0,11.0,50.0,78,78,60,138,33,171,36,207,28,235,27,262,18,280,15,295,19,314,14,328,14,342,7,349,1,1.0,-1.000088900581841e-12,349.0,349.0,0.0,0.9999999999999942,0.0,0.0,0.0,0.005833333333333334,0.0,0.0
5236839100452217,retweet_tree_5236839100452217.json,308.0,278.0,0.9025974025974026,5.631211781821365,16.25274646679482,1,7,12,1,0,0,72,0.05694444444444444,0.07416666666666667,0.2388888888888889,95.43661971830986,94.62851495239066,0.0,406.0,-0.004251725427282009,5.0,62.0,238.0,14,14,13,27,9,36,5,41,4,45,4,49,3,52,7,59,5,64,3,67,4,71,1,72,1,1.0,-1.000088900581841e-12,72.0,72.0,0.0,0.9999999999999725,0.0,0.0,0.0,0.021388888888888888,0.0,0.0
5237341947168449,retweet_tree_5237341947168449.json,301.0,229.0,0.760797342192691,5.438079308923196,16.92152567760571,1,7,21,2,0,0,126,0.018333333333333333,0.034722222222222224,0.06388888888888888,56.36,67.0468970199218,1.0,353.0,0.08659886341844084,4.0,31.0,124.0,36,36,17,53,9,62,5,67,9,76,9,85,8,93,14,107,4,111,5,116,5,121,5,126,1,1.0,-1.000088900581841e-12,126.0,126.0,0.0,0.9999999999999842,0.0,0.0,0.0,0.01138888888888889,0.0,0.0
5239094275739721,retweet_tree_5239094275739721.json,223.0,171.0,0.7668161434977578,5.147494476813453,14.66335883827121,1,0,17,0,0,0,46,0.015,0.034166666666666665,0.22138888888888889,151.66666666666666,200.89643545314033,2.0,913.0,0.13963392224108734,5.4,58.0,411.8000000000001,19,19,8,27,1,28,1,29,4,33,1,34,1,35,1,36,2,38,4,42,3,45,1,46,1,1.0,-1.000088900581841e-12,46.0,46.0,0.0,0.9999999999999565,0.0,0.0,0.0,0.01,0.0,0.0
5239709262939875,retweet_tree_5239709262939875.json,221.0,200.0,0.9049773755656109,5.303304908059076,16.252746291990594,1,7,10,2,0,0,59,0.03861111111111111,0.23055555555555557,0.4816666666666667,123.6896551724138,143.16005112395052,0.0,642.0,0.072963902496909,7.7,60.0,305.6000000000001,8,8,4,12,8,20,3,23,9,32,9,41,4,45,3,48,2,50,3,53,2,55,4,59,1,1.0,-1.000088900581841e-12,59.0,59.0,0.0,0.999999999999966,0.0,0.0,0.0,0.006111111111111111,0.0,0.0
5239757871253371,retweet_tree_5239757871253371.json,291.0,228.0,0.7835051546391752,5.43372200355424,13.795726130502477,1,0,13,2,0,0,104,0.10611111111111111,0.16944444444444445,0.2861111111111111,67.09708737864078,57.77248892815273,0.0,271.0,-0.07467470240772127,7.400000000000002,55.0,151.2,9,9,13,22,9,31,9,40,14,54,7,61,9,70,9,79,8,87,7,94,5,99,5,104,1,1.0,-1.000088900581841e-12,104.0,104.0,0.0,0.9999999999999809,0.0,0.0,0.0,0.021944444444444444,0.0,0.0
5239813949098216,retweet_tree_5239813949098216.json,304.0,265.0,0.8717105263157895,5.583496308781699,16.921073351802942,1,7,17,2,0,0,131,0.025833333333333333,0.07472222222222222,0.14305555555555555,54.06923076923077,69.90314051066974,0.0,348.0,0.12772127836201277,4.0,28.0,130.70000000000016,24,24,17,41,13,54,13,67,4,71,3,74,10,84,19,103,8,111,7,118,7,125,6,131,1,1.0,-1.000088900581841e-12,131.0,131.0,0.0,0.9999999999999849,0.0,0.0,0.0,0.0125,0.0,0.0
5240446205824776,retweet_tree_5240446205824776.json,308.0,292.0,0.948051948051948,5.680172609017068,16.920988498331262,1,7,10,4,0,0,178,0.10555555555555556,0.12583333333333332,0.18083333333333335,39.14689265536723,45.427298395314594,0.0,327.0,0.07425912872384169,3.0,22.0,105.40000000000003,18,18,31,49,19,68,17,85,11,96,19,115,22,137,7,144,10,154,14,168,6,174,4,178,1,1.0,-1.000088900581841e-12,178.0,178.0,0.0,0.9999999999999889,0.0,0.0,0.0,0.015555555555555555,0.0,0.0
5240631488417112,retweet_tree_5240631488417112.json,511.0,499.0,0.9765166340508806,6.214608098422191,13.249579118219637,1,0,23,4,0,1,28,0.33555555555555555,0.6036111111111111,1.2072222222222222,246.66666666666666,217.141189773604,12.0,781.0,-0.06365885459481206,16.2,145.0,488.4000000000001,1,1,3,4,3,7,3,10,4,14,1,15,3,18,2,20,4,24,2,26,0,26,2,28,1,1.0,-1.000088900581841e-12,28.0,28.0,0.0,0.9999999999999287,0.0,0.0,0.0,0.14777777777777779,0.0,0.0
5240949982633620,retweet_tree_5240949982633620.json,166.0,160.0,0.963855421686747,5.081404364984463,14.568927944601638,1,0,20,5,1,0,119,0.051944444444444446,0.08388888888888889,0.11305555555555556,55.516949152542374,108.6310606587493,0.0,909.0,0.32357450795332904,1.0,16.5,156.89999999999998,46,46,30,76,9,85,8,93,3,96,4,100,4,104,8,112,2,114,2,116,2,118,1,119,1,1.0,-1.000088900581841e-12,119.0,119.0,0.0,0.9999999999999833,0.0,0.0,0.0,0.01361111111111111,0.0,0.0
5241021119070291,retweet_tree_5241021119070291.json,283.0,246.0,0.8692579505300353,5.5093883366279774,10.164889815967427,1,0,0,6,1,1,110,0.06944444444444445,0.09444444444444444,0.1322222222222222,64.18348623853211,77.8177316575291,0.0,391.0,0.09601498931492732,4.800000000000001,30.0,159.40000000000003,26,26,18,44,20,64,6,70,10,80,6,86,5,91,6,97,2,99,5,104,4,108,2,110,2,1.009090909090909,0.05178110067244653,109.0,55.0,0.49090909090909096,0.9819834710743625,0.0,0.0,0.0,0.021111111111111112,0.0,0.0
5241026764868031,retweet_tree_5241026764868031.json,667.0,570.0,0.8545727136431784,6.3473892096560105,8.694167141883597,1,0,1,6,1,1,110,0.021666666666666667,0.03277777777777778,0.04972222222222222,59.293577981651374,152.92783587784342,0.0,1070.0,0.4412102256475607,1.0,11.0,131.40000000000003,61,61,15,76,14,90,5,95,7,102,1,103,3,106,0,106,2,108,0,108,2,110,0,110,1,1.0,-1.000088900581841e-12,110.0,110.0,0.0,0.999999999999982,0.0,0.0,0.0,0.015,0.0,0.0
5241148681224632,retweet_tree_5241148681224632.json,470.0,440.0,0.9361702127659575,6.089044875446846,15.918815221961063,1,3,9,6,1,0,218,0.043055555555555555,0.08,0.09583333333333334,32.894009216589865,45.15271384753247,0.0,269.0,0.15706879353372705,1.0,14.0,88.80000000000004,34,34,65,99,24,123,12,135,10,145,6,151,6,157,11,168,13,181,10,191,14,205,13,218,1,1.0,-1.000088900581841e-12,218.0,218.0,0.0,0.9999999999999909,0.0,0.0,0.0,0.008611111111111111,0.0,0.0
5241158848480755,retweet_tree_5241158848480755.json,508.0,434.0,0.8543307086614174,6.075346031088684,6.937314081223682,1,0,10,6,1,0,93,0.14805555555555555,0.265,0.3975,74.28260869565217,77.78179149934051,0.0,322.0,0.023011189990565367,8.0,37.5,187.50000000000003,6,6,4,10,18,28,8,36,12,48,5,53,4,57,6,63,7,70,10,80,10,90,3,93,2,1.043010752688172,0.17739718830566445,89.0,46.5,0.456989247311828,0.9176783443172424,0.0,0.0,0.0,0.03805555555555556,0.0,0.0
5241187755102304,retweet_tree_5241187755102304.json,284.0,261.0,0.9190140845070423,5.568344503761097,16.25275048728358,1,7,12,6,1,0,96,0.03388888888888889,0.042777777777777776,0.09222222222222222,72.3157894736842,108.44588882629023,0.0,593.0,0.1998769855004778,4.0,31.0,181.60000000000005,31,31,15,46,11,57,9,66,4,70,11,81,1,82,3,85,3,88,3,91,2,93,3,96,1,1.0,-1.000088900581841e-12,96.0,96.0,0.0,0.9999999999999793,0.0,0.0,0.0,0.005,0.0,0.0
5241326197016326,retweet_tree_5241326197016326.json,387.0,361.0,0.9328165374677002,5.8916442118257715,9.768755439335086,1,0,21,6,1,0,223,0.014166666666666666,0.02,0.03166666666666667,31.38738738738739,53.631403193367696,0.0,374.0,0.2616364647630671,1.0,13.0,76.80000000000001,82,82,27,109,23,132,17,149,14,163,17,180,16,196,10,206,3,209,4,213,6,219,4,223,3,1.0493273542600896,0.19761906969867252,213.0,44.6,0.7713004484304933,0.9133704679362064,0.0,0.0,0.0,0.008333333333333333,0.0,0.0
5241351295992171,retweet_tree_5241351295992171.json,105.0,105.0,1.0,4.663439094112067,8.09346227450118,1,0,22,6,1,1,84,0.07277777777777777,0.10416666666666667,0.12805555555555556,67.06024096385542,153.93813100806176,1.0,1333.0,0.3931155205760798,5.200000000000001,32.0,124.8,27,27,11,38,7,45,17,62,12,74,4,78,4,82,1,83,0,83,1,84,0,84,0,84,1,1.0,-1.000088900581841e-12,84.0,84.0,0.0,0.9999999999999762,0.0,0.0,0.0,0.021388888888888888,0.0,0.0
5241352388615849,retweet_tree_5241352388615849.json,420.0,408.0,0.9714285714285714,6.013715156042802,9.384461732204798,1,0,22,6,1,1,315,0.050277777777777775,0.06166666666666667,0.0725,22.46496815286624,49.51028055919237,0.0,465.0,0.3757585126870844,1.0,7.0,54.39999999999998,65,65,98,163,49,212,32,244,22,266,15,281,6,287,9,296,6,302,8,310,3,313,2,315,2,1.0031746031746032,0.021431694140485274,314.0,157.5,0.49682539682539684,0.9936709498614196,0.0,0.0,0.0,0.022222222222222223,0.0,0.0
5241507953249555,retweet_tree_5241507953249555.json,373.0,327.0,0.8766756032171582,5.793013608384144,14.164156959231414,1,0,9,0,0,0,140,0.023333333333333334,0.04055555555555555,0.07888888888888888,51.52517985611511,65.37532270828387,0.0,432.0,0.11847804370677449,3.8000000000000007,26.0,123.20000000000002,36,36,11,47,16,63,19,82,8,90,7,97,8,105,8,113,6,119,8,127,3,130,10,140,1,1.0,-1.000088900581841e-12,140.0,140.0,0.0,0.9999999999999858,0.0,0.0,0.0,0.009166666666666667,0.0,0.0
5241551400733911,retweet_tree_5241551400733911.json,207.0,193.0,0.9323671497584541,5.267858159063328,16.25275267232504,1,7,12,0,0,0,84,0.041944444444444444,0.06833333333333333,0.11027777777777778,84.34939759036145,140.85765127008133,1.0,740.0,0.2509168960991854,4.0,30.0,199.79999999999998,30,30,21,51,8,59,7,66,4,70,4,74,1,75,3,78,2,80,2,82,1,83,1,84,1,1.0,-1.000088900581841e-12,84.0,84.0,0.0,0.9999999999999762,0.0,0.0,0.0,0.02361111111111111,0.0,0.0
5241614601556048,retweet_tree_5241614601556048.json,204.0,188.0,0.9215686274509803,5.241747015059643,7.364547014255642,1,0,16,0,0,0,109,0.07194444444444445,0.10722222222222222,0.2577777777777778,64.97222222222223,80.26593049834676,1.0,465.0,0.10530090055296194,4.700000000000001,36.5,162.2,14,14,14,28,11,39,29,68,7,75,11,86,3,89,6,95,5,100,2,102,4,106,3,109,2,1.018348623853211,0.09154072948820931,107.0,54.5,0.4816513761467891,0.9639760962881735,0.0,0.0,0.0,0.01638888888888889,0.0,0.0
5241614681245028,retweet_tree_5241614681245028.json,338.0,314.0,0.9289940828402367,5.752572638825633,8.709134991587183,1,0,16,0,0,0,107,0.026111111111111113,0.0675,0.09083333333333334,65.06603773584905,169.95911100203585,0.0,1371.0,0.4463057414471431,3.0,22.5,111.5,31,31,26,57,19,76,6,82,3,85,0,85,1,86,0,86,2,88,10,98,5,103,4,107,1,1.0,-1.000088900581841e-12,107.0,107.0,0.0,0.9999999999999813,0.0,0.0,0.0,0.01138888888888889,0.0,0.0
5241662401943044,retweet_tree_5241662401943044.json,629.0,543.0,0.863275039745628,6.298949246855942,5.455321115357702,0,-1,19,0,0,0,181,0.12638888888888888,0.23833333333333334,0.38222222222222224,38.87777777777778,45.593939114213605,0.0,206.0,0.07950781141365167,3.0,22.5,113.19999999999999,5,5,7,12,23,35,20,55,12,67,10,77,12,89,32,121,25,146,13,159,8,167,14,181,3,1.281767955801105,0.6584388794698556,136.0,34.6,0.7955801104972375,0.5763865571868928,0.0,0.0,0.0,0.049444444444444444,0.0,0.0
5241704682622953,retweet_tree_5241704682622953.json,856.0,777.0,0.9077102803738317,6.656726524178391,6.393590753950631,0,-1,22,0,0,1,371,0.051666666666666666,0.06888888888888889,0.08388888888888889,19.24054054054054,31.54728719616864,0.0,345.0,0.24231685433422953,1.0,10.5,48.10000000000002,54,54,63,117,49,166,43,209,45,254,30,284,21,305,19,324,22,346,9,355,13,368,3,371,3,1.0377358490566038,0.1613511490494305,358.0,73.6,0.852088948787062,0.9315465595280426,0.0,0.0,0.0,0.021666666666666667,0.0,0.0
5241711085490281,retweet_tree_5241711085490281.json,473.0,378.0,0.7991543340380549,5.937536205082426,18.75512371586511,1,3,22,0,0,1,274,0.050555555555555555,0.06583333333333333,0.09055555555555556,26.19047619047619,41.86854078937849,0.0,276.0,0.23035984494961156,1.0,10.0,67.20000000000005,36,36,76,112,46,158,31,189,16,205,11,216,21,237,7,244,8,252,9,261,4,265,9,274,2,1.010948905109489,0.0603177511875182,271.0,137.0,0.4890510948905109,0.9783419468272078,0.0,0.0,0.0,0.011666666666666667,0.0,0.0
5241716236881246,retweet_tree_5241716236881246.json,416.0,186.0,0.44711538461538464,5.231108616854587,17.069055677051747,1,0,23,0,0,1,154,0.035277777777777776,0.07444444444444444,0.12472222222222222,42.326797385620914,117.20580358075803,0.0,1036.0,0.4693649181518558,3.0,12.0,75.20000000000005,25,25,32,57,48,105,13,118,14,132,8,140,0,140,6,146,4,150,0,150,4,154,0,154,2,1.2857142857142858,0.5982695885832573,110.0,51.333333333333336,0.43722943722943725,0.5652723899477072,0.0,0.0,0.0,0.011944444444444445,0.0,0.0
5241890310193616,retweet_tree_5241890310193616.json,289.0,255.0,0.8823529411764706,5.545177444479562,14.88363717831649,1,2,10,1,0,0,117,0.07194444444444445,0.19416666666666665,0.24555555555555555,59.956896551724135,63.557927995319865,0.0,284.0,0.029154649709470126,4.0,38.5,156.5,8,8,26,34,19,53,9,62,7,69,8,77,9,86,6,92,9,101,9,110,4,114,3,117,1,1.0,-1.000088900581841e-12,117.0,117.0,0.0,0.9999999999999829,0.0,0.0,0.0,0.02388888888888889,0.0,0.0
5241918835134050,retweet_tree_5241918835134050.json,183.0,176.0,0.9617486338797814,5.176149732573829,14.511401969675171,1,0,12,1,0,0,75,0.11333333333333333,0.11777777777777777,0.12611111111111112,93.9054054054054,280.5218192081726,0.0,1710.0,0.49840503450399964,2.0,4.0,227.10000000000008,62,62,3,65,0,65,3,68,1,69,1,70,1,71,1,72,1,73,1,74,0,74,1,75,1,1.0,-1.000088900581841e-12,75.0,75.0,0.0,0.9999999999999736,0.0,0.0,0.0,0.04972222222222222,0.0,0.0
5241957494555283,retweet_tree_5241957494555283.json,379.0,346.0,0.9129287598944591,5.849324779946859,11.686164231155798,0,-1,14,1,0,0,184,0.006388888888888889,0.008888888888888889,0.011111111111111112,37.38251366120219,71.52435574487727,0.0,447.0,0.31349576266278384,0.0,9.0,97.60000000000002,107,107,18,125,17,142,7,149,9,158,2,160,6,166,4,170,4,174,3,177,3,180,4,184,1,1.0,-1.000088900581841e-12,184.0,184.0,0.0,0.9999999999999891,0.0,0.0,0.0,0.0033333333333333335,0.0,0.0
5241962107242481,retweet_tree_5241962107242481.json,377.0,361.0,0.9575596816976127,5.8916442118257715,12.47639363269488,1,2,15,1,0,0,118,0.058055555555555555,0.07444444444444444,0.1622222222222222,60.572649572649574,78.00452717952422,1.0,575.0,0.12579183683363068,9.0,39.0,132.20000000000002,20,20,11,31,11,42,14,56,1,57,9,66,9,75,8,83,9,92,12,104,5,109,9,118,1,1.0,-1.000088900581841e-12,118.0,118.0,0.0,0.9999999999999831,0.0,0.0,0.0,0.008888888888888889,0.0,0.0
5241969297326297,retweet_tree_5241969297326297.json,122.0,114.0,0.9344262295081968,4.74493212836325,16.920944321498652,1,7,15,1,0,0,73,0.0575,0.10916666666666666,0.27555555555555555,96.09722222222223,101.6520699524475,1.0,486.0,0.028090354555194774,11.0,59.5,246.2,13,13,11,24,12,36,3,39,6,45,4,49,5,54,6,60,3,63,4,67,4,71,2,73,1,1.0,-1.000088900581841e-12,73.0,73.0,0.0,0.9999999999999727,0.0,0.0,0.0,0.025555555555555557,0.0,0.0
5241981926116283,retweet_tree_5241981926116283.json,171.0,144.0,0.8421052631578947,4.976733742420574,14.933832332336118,1,0,16,1,0,0,21,0.2852777777777778,0.38,1.8327777777777778,347.85,443.71536766264927,1.0,1943.0,0.12110859264310982,4.6000000000000005,225.0,655.6000000000004,1,1,8,9,1,10,0,10,0,10,2,12,1,13,2,15,2,17,1,18,2,20,1,21,1,1.0,-1.000088900581841e-12,21.0,21.0,0.0,0.999999999999905,0.0,0.0,0.0,0.043611111111111114,0.0,0.0
5241983396479474,retweet_tree_5241983396479474.json,234.0,197.0,0.8418803418803419,5.288267030694535,16.920916273125513,1,7,16,1,0,0,74,0.06222222222222222,0.11388888888888889,0.24666666666666667,93.08219178082192,114.14299532383696,0.0,543.0,0.10163245036607593,7.2,51.0,225.79999999999995,15,15,9,24,4,28,4,32,10,42,10,52,6,58,4,62,4,66,6,72,1,73,1,74,2,1.027027027027027,0.1242508373876309,72.0,37.0,0.472972972972973,0.9474068663257599,0.0,0.0,0.0,0.042222222222222223,0.0,0.0
5242014155149657,retweet_tree_5242014155149657.json,222.0,198.0,0.8918918918918919,5.293304824724492,18.755710240324195,1,3,18,1,0,0,75,0.05138888888888889,0.10361111111111111,0.31833333333333336,96.0,110.10277753817849,1.0,591.0,0.06842594605774338,9.900000000000002,55.5,252.00000000000009,13,13,7,20,3,23,6,29,6,35,7,42,14,56,5,61,2,63,3,66,3,69,6,75,1,1.0,-1.000088900581841e-12,75.0,75.0,0.0,0.9999999999999736,0.0,0.0,0.0,0.01138888888888889,0.0,0.0
5242015014981594,retweet_tree_5242015014981594.json,445.0,407.0,0.9146067415730337,6.0112671744041615,18.755710419153427,1,3,18,1,0,0,146,0.020555555555555556,0.051944444444444446,0.11444444444444445,48.689655172413794,68.74977288904223,0.0,360.0,0.17081246092352378,0.0,23.0,136.39999999999995,24,24,10,34,22,56,12,68,10,78,6,84,4,88,8,96,4,100,9,109,32,141,5,146,1,1.0,-1.000088900581841e-12,146.0,146.0,0.0,0.9999999999999865,0.0,0.0,0.0,0.0038888888888888888,0.0,0.0
5242029271417282,retweet_tree_5242029271417282.json,384.0,208.0,0.5416666666666666,5.342334251964811,14.616824463092177,1,0,19,1,0,0,44,0.06527777777777778,0.14944444444444444,0.5533333333333333,162.11627906976744,189.39563725020304,1.0,884.0,0.07760578493618984,6.200000000000001,84.0,414.20000000000005,11,11,5,16,2,18,5,23,8,31,2,33,3,36,3,39,1,40,2,42,1,43,1,44,1,1.0,-1.000088900581841e-12,44.0,44.0,0.0,0.9999999999999545,0.0,0.0,0.0,0.025833333333333333,0.0,0.0
5242245956503323,retweet_tree_5242245956503323.json,230.0,196.0,0.8521739130434782,5.2832037287379885,12.819919551078568,1,3,10,2,0,0,103,0.016944444444444446,0.042777777777777776,0.10694444444444444,63.166666666666664,104.44823122741691,0.0,805.0,0.2462881586267839,2.1000000000000014,28.5,158.20000000000005,26,26,19,45,19,64,7,71,8,79,8,87,4,91,3,94,3,97,3,100,3,103,0,103,1,1.0,-1.000088900581841e-12,103.0,103.0,0.0,0.9999999999999807,0.0,0.0,0.0,0.01,0.0,0.0
5242343663863036,retweet_tree_5242343663863036.json,327.0,246.0,0.7522935779816514,5.5093883366279774,9.062652099076578,1,0,16,2,0,0,45,0.16472222222222221,0.4361111111111111,0.8980555555555556,159.88636363636363,166.17244820162674,5.0,704.0,0.01927898997677294,17.799999999999997,81.0,384.8000000000001,5,5,4,9,4,13,3,16,3,19,2,21,1,22,1,23,3,26,9,35,3,38,7,45,2,1.0222222222222221,0.10656595882602,44.0,22.5,0.47777777777777786,0.9565432098765007,0.0,0.0,0.0,0.035833333333333335,0.0,0.0
5242366409837746,retweet_tree_5242366409837746.json,188.0,178.0,0.9468085106382979,5.187385805840755,16.25274506836016,1,7,18,2,0,0,70,0.035555555555555556,0.075,0.13111111111111112,96.92753623188406,171.42305654205242,0.0,1139.0,0.2776052012410674,5.0,44.0,216.20000000000002,21,21,13,34,12,46,4,50,6,56,0,56,3,59,3,62,4,66,0,66,2,68,2,70,1,1.0,-1.000088900581841e-12,70.0,70.0,0.0,0.9999999999999716,0.0,0.0,0.0,0.007222222222222222,0.0,0.0
5242371279162434,retweet_tree_5242371279162434.json,967.0,313.0,0.32368148914167527,5.749392985908253,12.200230614046541,1,0,18,2,0,0,132,0.018055555555555554,0.022222222222222223,0.043055555555555555,54.587786259541986,84.42575402344711,0.0,576.0,0.21464072998331057,2.0,27.0,149.0,44,44,21,65,15,80,8,88,11,99,7,106,9,115,5,120,1,121,3,124,3,127,5,132,1,1.0,-1.000088900581841e-12,132.0,132.0,0.0,0.9999999999999849,0.0,0.0,0.0,0.011944444444444445,0.0,0.0
5242437108761583,retweet_tree_5242437108761583.json,511.0,442.0,0.8649706457925636,6.093569770045136,13.411252720811175,1,0,22,2,0,1,272,0.01861111111111111,0.024722222222222222,0.03944444444444444,24.89667896678967,34.55340307766358,0.0,284.0,0.16243415952989243,2.0,11.0,69.0,70,70,57,127,34,161,20,181,15,196,22,218,12,230,16,246,11,257,6,263,5,268,4,272,2,1.0036764705882353,0.024279270491060035,271.0,136.0,0.4963235294117647,0.9926740916954943,0.0,0.0,0.0,0.012222222222222223,0.0,0.0
5242586144966415,retweet_tree_5242586144966415.json,353.0,343.0,0.9716713881019831,5.840641657373398,18.54617739305172,1,3,8,3,0,0,181,0.011111111111111112,0.035,0.10027777777777777,39.93333333333333,45.98388606651006,0.0,297.0,0.07042305111177467,5.0,23.0,101.29999999999998,34,34,31,65,25,90,14,104,17,121,6,127,13,140,11,151,5,156,9,165,6,171,10,181,1,1.0,-1.000088900581841e-12,181.0,181.0,0.0,0.9999999999999889,0.0,0.0,0.0,0.0019444444444444444,0.0,0.0
5242757014886669,retweet_tree_5242757014886669.json,301.0,164.0,0.5448504983388704,5.10594547390058,15.570496596997737,1,0,19,3,0,0,54,0.041666666666666664,0.058611111111111114,0.15666666666666668,129.03773584905662,175.85767854804516,2.0,791.0,0.15356066535657806,10.0,52.0,397.2000000000001,20,20,13,33,4,37,1,38,5,43,1,44,2,46,3,49,0,49,2,51,1,52,2,54,1,1.0,-1.000088900581841e-12,54.0,54.0,0.0,0.9999999999999629,0.0,0.0,0.0,0.0077777777777777776,0.0,0.0
5242776205656159,retweet_tree_5242776205656159.json,446.0,342.0,0.7668161434977578,5.8377304471659395,6.016157159698354,0,-1,21,3,0,0,125,0.19611111111111112,0.22277777777777777,0.2683333333333333,56.46774193548387,73.68486029597007,0.0,487.0,0.13228408856450308,10.0,33.0,112.50000000000001,1,1,23,24,15,39,24,63,10,73,14,87,4,91,7,98,7,105,8,113,4,117,8,125,2,1.144,0.41215872186386177,107.0,24.4,0.7869999999999999,0.7384959999999884,0.0,0.0,0.0,0.04083333333333333,0.0,0.0
5242787356478934,retweet_tree_5242787356478934.json,637.0,563.0,0.8838304552590267,6.335054251498059,11.750807863869403,1,0,21,3,0,0,345,0.0075,0.015833333333333335,0.025555555555555557,20.575581395348838,31.51771534353233,0.0,204.0,0.2100487900205508,1.0,8.0,59.39999999999998,103,103,85,188,32,220,24,244,22,266,16,282,18,300,9,309,9,318,12,330,9,339,6,345,2,1.008695652173913,0.049918014300619755,342.0,115.0,0.6589371980676328,0.9827263180004143,0.0,0.0,0.0,0.0038888888888888888,0.0,0.0
5243074504557742,retweet_tree_5243074504557742.json,204.0,194.0,0.9509803921568627,5.272999558563747,18.754899063839122,1,3,16,4,0,0,137,0.04138888888888889,0.1125,0.2708333333333333,49.75735294117647,76.95295510164267,0.0,695.0,0.2146281749332975,0.0,26.0,115.0,13,13,10,23,3,26,14,40,16,56,15,71,14,85,12,97,31,128,1,129,5,134,3,137,1,1.0,-1.000088900581841e-12,137.0,137.0,0.0,0.9999999999999856,0.0,0.0,0.0,0.015833333333333335,0.0,0.0
5243700625018224,retweet_tree_5243700625018224.json,384.0,377.0,0.9817708333333334,5.934894195619588,6.761572768804055,0,-1,10,6,1,0,48,1.2402777777777778,1.3458333333333334,1.8375,65.36170212765957,86.81195758696775,0.0,353.0,0.1409590562488544,3.6000000000000005,31.0,183.2,0,0,0,0,0,0,0,0,0,0,0,0,2,2,7,9,3,12,4,16,3,19,29,48,1,1.0,-1.000088900581841e-12,48.0,48.0,0.0,0.9999999999999583,0.0,0.0,0.0,1.1444444444444444,0.0,0.0
5243743500501597,retweet_tree_5243743500501597.json,366.0,347.0,0.9480874316939891,5.8522024797744745,9.864278839310847,0,-1,13,6,1,0,225,0.07777777777777778,0.09694444444444444,0.1675,31.107142857142858,39.146897601684024,0.0,233.0,0.11443832542632121,2.0,16.5,79.60000000000014,19,19,27,46,22,68,36,104,44,148,19,167,15,182,11,193,13,206,7,213,8,221,4,225,1,1.0,-1.000088900581841e-12,225.0,225.0,0.0,0.9999999999999911,0.0,0.0,0.0,0.01972222222222222,0.0,0.0
5243754007234852,retweet_tree_5243754007234852.json,427.0,303.0,0.7096018735362998,5.717027701406222,9.337149218839878,1,0,13,6,1,0,42,0.17972222222222223,0.3,1.1894444444444445,169.8048780487805,262.1947906974652,1.0,1301.0,0.21386570252893883,11.0,74.0,482.0,4,4,6,10,0,10,1,11,0,11,3,14,3,17,7,24,2,26,5,31,7,38,4,42,2,1.2380952380952381,0.5488743844829944,32.0,21.0,0.26190476190476186,0.6371882086167497,0.0,0.0,0.0,0.06527777777777778,0.0,0.0
5243825569399469,retweet_tree_5243825569399469.json,380.0,354.0,0.9315789473684211,5.872117789475416,11.62143900461946,0,-1,18,6,1,0,211,0.0175,0.03138888888888889,0.07388888888888889,33.98095238095238,49.37195675055512,0.0,354.0,0.18464867669249616,2.0,15.0,84.59999999999997,63,63,27,90,23,113,19,132,20,152,15,167,10,177,9,186,5,191,4,195,6,201,10,211,1,1.0,-1.000088900581841e-12,211.0,211.0,0.0,0.9999999999999907,0.0,0.0,0.0,0.010277777777777778,0.0,0.0
5243882455438043,retweet_tree_5243882455438043.json,630.0,596.0,0.946031746031746,6.391917113392602,13.731132800860435,1,3,22,6,1,1,560,0.008055555555555555,0.009444444444444445,0.01138888888888889,12.524150268336316,64.43642321544793,0.0,941.0,0.6745307447332061,0.0,1.0,15.0,405,405,83,488,35,523,16,539,8,547,5,552,3,555,2,557,1,558,0,558,1,559,1,560,2,1.0035714285714286,0.023689291995246005,558.0,280.0,0.49642857142857144,0.9928826530612207,0.0,0.0,0.0,0.0030555555555555557,0.0,0.0
5243887801079638,retweet_tree_5243887801079638.json,303.0,274.0,0.9042904290429042,5.616771097666572,6.284134161070802,0,-1,22,6,1,1,153,0.08527777777777777,0.13027777777777777,0.18611111111111112,46.0,65.26796989900056,0.0,421.0,0.17316726382705067,4.100000000000001,23.0,126.90000000000006,14,14,48,62,24,86,22,108,9,117,6,123,4,127,4,131,9,140,6,146,4,150,3,153,2,1.0130718954248366,0.06968269446119711,151.0,51.0,0.65359477124183,0.9741125208253111,0.0,0.0,0.0,0.023055555555555555,0.0,0.0
5243906582643436,retweet_tree_5243906582643436.json,311.0,289.0,0.9292604501607717,5.66988092298052,15.510881366036003,1,7,0,0,0,1,201,0.009166666666666667,0.012777777777777779,0.020277777777777777,30.0,74.38097875129098,0.0,525.0,0.4251826269711241,1.0,5.0,70.39999999999998,120,120,30,150,19,169,8,177,8,185,8,193,2,195,1,196,1,197,3,200,1,201,0,201,1,1.0,-1.000088900581841e-12,201.0,201.0,0.0,0.99999999999999,0.0,0.0,0.0,0.006111111111111111,0.0,0.0
5244089638584761,retweet_tree_5244089638584761.json,295.0,289.0,0.9796610169491525,5.66988092298052,12.408033417576476,1,0,12,0,0,0,87,0.05138888888888889,0.1688888888888889,0.28944444444444445,83.23255813953489,229.07781121516408,0.0,1988.0,0.46698818670983333,3.5,23.5,176.5,9,9,24,33,26,59,7,66,7,73,3,76,0,76,0,76,1,77,2,79,2,81,6,87,1,1.0,-1.000088900581841e-12,87.0,87.0,0.0,0.9999999999999771,0.0,0.0,0.0,0.006944444444444444,0.0,0.0
5244110774207384,retweet_tree_5244110774207384.json,495.0,462.0,0.9333333333333333,6.137727054086234,14.46522243645506,1,3,13,0,0,0,107,0.4161111111111111,0.5877777777777777,0.7463888888888889,65.98113207547169,73.76415516629774,0.0,394.0,0.05569435109007188,5.0,44.0,141.0,2,2,1,3,5,8,7,15,18,33,16,49,9,58,14,72,12,84,5,89,8,97,10,107,1,1.0,-1.000088900581841e-12,107.0,107.0,0.0,0.9999999999999813,0.0,0.0,0.0,0.051111111111111114,0.0,0.0
5244211625728476,retweet_tree_5244211625728476.json,254.0,221.0,0.8700787401574803,5.402677381872279,15.510874024762591,1,7,20,0,0,0,116,0.015833333333333335,0.06472222222222222,0.21611111111111111,59.54782608695652,80.28798637494695,1.0,617.0,0.14831794461551712,6.0,32.0,127.40000000000003,15,15,7,22,1,23,8,31,4,35,5,40,9,49,22,71,22,93,11,104,9,113,3,116,1,1.0,-1.000088900581841e-12,116.0,116.0,0.0,0.9999999999999829,0.0,0.0,0.0,0.006944444444444444,0.0,0.0
5244247398943355,retweet_tree_5244247398943355.json,286.0,269.0,0.9405594405594405,5.598421958998375,13.07236187986678,1,0,22,0,0,1,143,0.07611111111111112,0.1,0.18805555555555556,48.54929577464789,54.262608382920114,0.0,293.0,0.055570535874095744,4.0,31.0,124.40000000000003,16,16,22,38,18,56,14,70,14,84,12,96,9,105,6,111,14,125,6,131,6,137,6,143,1,1.0,-1.000088900581841e-12,143.0,143.0,0.0,0.999999999999986,0.0,0.0,0.0,0.05527777777777778,0.0,0.0
5244389854024532,retweet_tree_5244389854024532.json,267.0,242.0,0.9063670411985019,5.493061443340548,15.510867784637819,1,7,8,1,0,0,65,0.04972222222222222,0.09472222222222222,0.31833333333333336,108.578125,111.5988637777481,1.0,453.0,0.013719593471220098,12.0,61.0,255.60000000000005,16,16,4,20,6,26,5,31,3,34,4,38,4,42,7,49,7,56,1,57,5,62,3,65,1,1.0,-1.000088900581841e-12,65.0,65.0,0.0,0.9999999999999694,0.0,0.0,0.0,0.0125,0.0,0.0
5244902817667059,retweet_tree_5244902817667059.json,562.0,452.0,0.8042704626334519,6.115892125483034,18.755331479790676,1,3,18,2,0,0,90,0.08916666666666667,0.1525,0.2513888888888889,78.49438202247191,85.53718208475263,0.0,431.0,0.042935639250973455,8.0,43.0,187.60000000000002,13,13,13,26,11,37,9,46,5,51,9,60,5,65,6,71,8,79,2,81,3,84,6,90,1,1.0,-1.000088900581841e-12,90.0,90.0,0.0,0.9999999999999778,0.0,0.0,0.0,0.056666666666666664,0.0,0.0
5244915073946332,retweet_tree_5244915073946332.json,374.0,322.0,0.8609625668449198,5.777652323222656,18.755331401075996,1,3,18,2,0,0,62,0.04972222222222222,0.11388888888888889,0.3322222222222222,115.34426229508196,119.07937637103583,1.0,674.0,0.01593318019124206,11.0,87.0,249.0,14,14,6,20,6,26,6,32,3,35,4,39,6,45,1,46,3,49,7,56,4,60,2,62,1,1.0,-1.000088900581841e-12,62.0,62.0,0.0,0.9999999999999676,0.0,0.0,0.0,0.017777777777777778,0.0,0.0
5244983692498052,retweet_tree_5244983692498052.json,274.0,235.0,0.8576642335766423,5.4638318050256105,18.755331472634793,1,3,23,2,0,1,65,0.11055555555555556,0.1613888888888889,0.29694444444444446,105.140625,117.21079664267015,0.0,711.0,0.05428421169290978,5.600000000000001,71.5,211.10000000000002,10,10,12,22,11,33,7,40,4,44,4,48,2,50,5,55,3,58,2,60,4,64,1,65,1,1.0,-1.000088900581841e-12,65.0,65.0,0.0,0.9999999999999694,0.0,0.0,0.0,0.04388888888888889,0.0,0.0
5245098524150475,retweet_tree_5245098524150475.json,442.0,395.0,0.8936651583710408,5.981414211254481,18.755331386764233,1,3,7,3,0,0,147,0.042777777777777776,0.07611111111111112,0.11583333333333333,49.013698630136986,53.46551651469524,0.0,294.0,0.043441178567444824,4.0,31.5,110.0,27,27,18,45,17,62,4,66,13,79,9,88,11,99,11,110,8,118,8,126,11,137,10,147,1,1.0,-1.000088900581841e-12,147.0,147.0,0.0,0.9999999999999865,0.0,0.0,0.0,0.0022222222222222222,0.0,0.0
5245151458887081,retweet_tree_5245151458887081.json,270.0,226.0,0.837037037037037,5.424950017481403,18.755320359491762,1,3,10,3,0,0,71,0.11611111111111111,0.22,0.3888888888888889,94.1,116.55288805639144,0.0,506.0,0.1065871361344965,0.0,37.0,255.50000000000006,8,8,5,13,11,24,5,29,6,35,18,53,4,57,1,58,4,62,2,64,5,69,2,71,1,1.0,-1.000088900581841e-12,71.0,71.0,0.0,0.999999999999972,0.0,0.0,0.0,0.06055555555555556,0.0,0.0
5245208438768605,retweet_tree_5245208438768605.json,478.0,363.0,0.7594142259414226,5.8971538676367405,18.7553203523358,1,3,14,3,0,0,77,0.05361111111111111,0.15083333333333335,0.2436111111111111,92.39473684210526,121.59889617610243,0.0,587.0,0.13647209462307847,0.0,47.5,273.0,14,14,11,25,17,42,3,45,3,48,4,52,9,61,4,65,2,67,3,70,1,71,6,77,1,1.0,-1.000088900581841e-12,77.0,77.0,0.0,0.9999999999999742,0.0,0.0,0.0,0.020277777777777777,0.0,0.0
5245235118737864,retweet_tree_5245235118737864.json,357.0,324.0,0.907563025210084,5.783825182329737,18.75532065288605,1,3,16,3,0,0,134,0.034722222222222224,0.15222222222222223,0.24305555555555555,53.421052631578945,66.4088736853376,0.0,321.0,0.10838545472697286,0.0,33.0,128.6,12,12,13,25,13,38,36,74,9,83,12,95,6,101,11,112,9,121,3,124,4,128,6,134,1,1.0,-1.000088900581841e-12,134.0,134.0,0.0,0.9999999999999851,0.0,0.0,0.0,0.011944444444444445,0.0,0.0
5245250130152913,retweet_tree_5245250130152913.json,241.0,211.0,0.8755186721991701,5.356586274672012,18.873416405062684,1,3,17,3,0,0,91,0.01861111111111111,0.07583333333333334,0.12333333333333334,78.85555555555555,122.54618731193297,0.0,718.0,0.21693273918251788,3.0,32.5,180.70000000000016,26,26,11,37,10,47,7,54,5,59,8,67,4,71,3,74,2,76,6,82,1,83,8,91,2,1.065934065934066,0.2429923239099574,85.0,45.5,0.4340659340659341,0.8768264702330445,0.0,0.0,0.0,0.0044444444444444444,0.0,0.0
5245292913888811,retweet_tree_5245292913888811.json,223.0,205.0,0.9192825112107623,5.327876168789581,18.87341650044561,1,3,19,3,0,0,103,0.06,0.13833333333333334,0.25583333333333336,69.8529411764706,87.2922067202713,0.0,476.0,0.11097552662115806,2.200000000000003,46.0,150.9,10,10,21,31,10,41,8,49,8,57,8,65,9,74,6,80,11,91,3,94,6,100,3,103,1,1.0,-1.000088900581841e-12,103.0,103.0,0.0,0.9999999999999807,0.0,0.0,0.0,0.005833333333333334,0.0,0.0
5245298176952414,retweet_tree_5245298176952414.json,308.0,260.0,0.8441558441558441,5.564520407322694,18.873416303320887,1,3,20,3,0,0,92,0.0875,0.15305555555555556,0.2836111111111111,78.47252747252747,99.9460668472115,0.0,629.0,0.1203548288033359,1.0,48.0,186.0,10,10,18,28,15,43,5,48,12,60,7,67,5,72,5,77,3,80,1,81,2,83,9,92,1,1.0,-1.000088900581841e-12,92.0,92.0,0.0,0.9999999999999785,0.0,0.0,0.0,0.010833333333333334,0.0,0.0
5245314199979593,retweet_tree_5245314199979593.json,234.0,194.0,0.8290598290598291,5.272999558563747,18.873415680152153,1,3,21,3,0,0,87,0.06888888888888889,0.11805555555555555,0.24194444444444443,78.29069767441861,84.3497516957884,0.0,358.0,0.03725428726268452,2.0,50.5,209.0,13,13,13,26,12,38,10,48,5,53,5,58,9,67,6,73,4,77,6,83,3,86,1,87,1,1.0,-1.000088900581841e-12,87.0,87.0,0.0,0.9999999999999771,0.0,0.0,0.0,0.016666666666666666,0.0,0.0
5245316416934065,retweet_tree_5245316416934065.json,316.0,296.0,0.9367088607594937,5.6937321388027,15.510856038414964,1,7,21,3,0,0,200,0.014166666666666666,0.017777777777777778,0.0625,35.36683417085427,52.314675108291254,0.0,442.0,0.19328865432141823,2.0,18.0,79.60000000000005,41,41,33,74,30,104,13,117,17,134,13,147,15,162,13,175,10,185,4,189,6,195,5,200,1,1.0,-1.000088900581841e-12,200.0,200.0,0.0,0.99999999999999,0.0,0.0,0.0,0.005833333333333334,0.0,0.0
5245326299501039,retweet_tree_5245326299501039.json,369.0,325.0,0.8807588075880759,5.786897381366708,18.755319915822184,1,3,22,3,0,1,95,0.0175,0.07472222222222222,0.22944444444444445,72.75531914893617,106.98594918385537,0.0,744.0,0.19044391058563734,2.3000000000000007,46.0,134.5,16,16,11,27,10,37,17,54,9,63,6,69,14,83,0,83,5,88,4,92,2,94,1,95,1,1.0,-1.000088900581841e-12,95.0,95.0,0.0,0.9999999999999791,0.0,0.0,0.0,0.005277777777777778,0.0,0.0
5245334169323839,retweet_tree_5245334169323839.json,285.0,242.0,0.8491228070175438,5.493061443340548,18.87341396961557,1,3,22,3,0,1,74,0.04833333333333333,0.0675,0.19055555555555556,96.56164383561644,144.3641691117474,1.0,901.0,0.1984118044112384,4.2,48.0,221.2,18,18,17,35,12,47,2,49,3,52,7,59,5,64,1,65,4,69,2,71,1,72,2,74,1,1.0,-1.000088900581841e-12,74.0,74.0,0.0,0.9999999999999731,0.0,0.0,0.0,0.019444444444444445,0.0,0.0
5245373842720679,retweet_tree_5245373842720679.json,372.0,248.0,0.6666666666666666,5.517452896464707,15.235464041376218,1,0,1,4,0,1,236,0.03972222222222222,0.04027777777777778,0.04083333333333333,21.66808510638298,176.9574309987995,0.0,2021.0,0.7818197225485509,0.0,0.0,0.0,232,232,0,232,0,232,1,233,0,233,0,233,1,234,1,235,1,236,0,236,0,236,0,236,1,1.0,-1.000088900581841e-12,236.0,236.0,0.0,0.9999999999999916,0.0,0.0,0.0,0.03944444444444444,0.0,0.0
5245518714506106,retweet_tree_5245518714506106.json,552.0,442.0,0.8007246376811594,6.093569770045136,18.755303793308773,1,3,10,4,0,0,110,0.09166666666666666,0.24333333333333335,0.37916666666666665,65.10091743119266,65.58472983972065,0.0,339.0,0.003702108216406086,4.0,47.0,158.20000000000005,6,6,10,16,10,26,5,31,7,38,10,48,14,62,12,74,6,80,6,86,13,99,11,110,2,1.0272727272727273,0.12513016439561356,107.0,36.666666666666664,0.6424242424242423,0.9466115702479166,0.0,0.0,0.0,0.0275,0.0,0.0
5245535628035338,retweet_tree_5245535628035338.json,223.0,190.0,0.852017937219731,5.25227342804663,18.75530347128522,1,3,11,4,0,0,51,0.04472222222222222,0.14,0.38027777777777777,133.26,137.65504858159036,0.0,646.0,0.016222976924320745,5.9,90.5,290.4,11,11,6,17,8,25,6,31,4,35,2,37,2,39,4,43,2,45,4,49,1,50,1,51,1,1.0,-1.000088900581841e-12,51.0,51.0,0.0,0.9999999999999607,0.0,0.0,0.0,0.017777777777777778,0.0,0.0
5245689232884191,retweet_tree_5245689232884191.json,397.0,263.0,0.6624685138539043,5.575949103146316,15.235468150697209,1,0,22,4,0,1,258,0.025833333333333333,0.02638888888888889,0.026944444444444444,25.91828793774319,290.3383460565331,0.0,4242.0,0.836093316934422,0.0,0.0,1.0,256,256,0,256,0,256,0,256,0,256,0,256,0,256,0,256,1,257,0,257,0,257,1,258,1,1.0,-1.000088900581841e-12,258.0,258.0,0.0,0.999999999999992,0.0,0.0,0.0,0.025277777777777777,0.0,0.0
